id,title,brand,price,currency,availability,merchant,category
zIlzggB,"Dt E532 / Dt 370 Hybrid 29"" E-bike Wheels",Garage Cycles,376.99,USD,InStock,garagecycles.cc,Bicycle Wheel Parts
YiSTjN7,Electric Bicycle Wheel Rim - A9 Pro Max Dual Motor/rear,aniioki,399,USD,InStock,aniioki.com,Bicycle Wheel Rims
mGFIQfp,Electric Bicycle Wheel Rim - A8 Pro Max Dual Motor,aniioki,399,USD,InStock,aniioki.com,Bicycle Wheel Rims
udXxk3P,3s Fat Bike Wheels 26er - Rear Wheel,ICAN,640,USD,OutOfStock,icancycling.com,Bicycle Wheel Parts
fDbEi0s,Bicycle Wheel Gyroscope,Carolina Biological Supply Company,154,USD,InStock,carolina.com,Bicycle Wheel Parts
7nR4JjZ,Vivi Bike 27.5 Inch Wheel Front Wheel Set,Viva Corporation,179.99,USD,OutOfStock,viviebikes.com,Bicycle Wheel Parts
7rDqe7E,Replacement Parts - Current/ Current Plus - Wheel - Rim Wtb Sx I19/ Schrader/ 36 Hole,Priority Bicycles,40,USD,OutOfStock,prioritybicycles.com,Bicycle Wheel Rims
7t26Lvv,Bicycle Spokes Bike Wheel Spokes Silver Tone Nipple 1 Set 14g 143mm Length Carbon Steel Galvanized,TUCKBOLD,10.21,USD,InStock,harfington.com,Bicycle Spokes
ifoNsqJ,Ccs/ccx Front Wheel,velowave,249,USD,InStock,velowavebikes.com,Bicycle Wheel Parts
7tSqvfk,Arc 1100 38 Dicut Disc Front Wheel Ltd Ed,DT Swiss,1739.9,USD,InStock,garagecycles.cc,Bicycle Wheel Parts
ovqBMQa,"Hydra2 Trail Rear Wheel - Black / Black/29"" / Boost (12 X 148mm)/shimano Microspline",Industry Nine,850,USD,InStock,thundermountainbikes.com,Bicycle Wheel Parts
UFEF8uE,"Replacement 12"" Front Wheel",STACYC,22,USD,InStock,backcountry.com,Bicycle Wheel Parts
0pritbJ,"Hydra2 Enduro S Rear Wheel - Black/29"" / Boost (12 X 148mm)/sram Xd",Industry Nine,635,USD,InStock,thundermountainbikes.com,Bicycle Wheel Parts
8bz0Ys0,"Flow Mk4 Rear Wheel - 27.5""/12x142 Ta | Shimano Micro Spline/centerlock",Stan's NoTubes,405,USD,InStock,stans.com,Bicycle Wheel Parts
C53twIc,"Synthesis Enduro Rear Wheel - 27.5""/superboost (12 X 157mm)/sram Xd",Crankbrothers,359.99,USD,OutOfStock,thundermountainbikes.com,Bicycle Wheel Parts
6G95jBu,Vivi Electric Bike Front Wheels - Fm20ul/amak Series (2024 And Later Models),Viva Corporation,129.99,USD,InStock,viviebikes.com,Bicycle Wheel Parts
opmvdZt,Vivi Electric Bike Front Wheels - M026shul/amak Series (2024 And Later Models),Viva Corporation,139.99,USD,OutOfStock,viviebikes.com,Bicycle Wheel Parts
2oPpa7M,2-speed Auto Shift Wheel / Alpha Two Option,Prevelo Bikes,75,USD,OutOfStock,prevelo.com,Bicycle Hub Parts
Rus8Nad,Replacement Wheel Assembly For Denago Commute Model 1 Ebikes - Front,Denago eBikes,129.99,USD,InStock,bike.com,Bicycle Wheel Parts
FihueP5,Brompton Advance Rear Wheel 4‑speed Electric,Brompton,150,USD,OutOfStock,us.brompton.com,Bicycle Wheel Parts
VP9zJdj,"Flow Mk4 M-pulse Rear Wheel - Shimano Micro Spline/29""/superboost (12 X 157mm)",Stan's NoTubes,657,USD,OutOfStock,thundermountainbikes.com,Bicycle Wheel Parts
xr8zyg6,Hiboy Bk1 Front Wheel,Hiboy,24,USD,InStock,hiboy.com,Bicycle Wheel Parts
pzDGYaW,"Beaumont Rev 2 Front Wheel 27.5"" X 2.4""",Retrospec,86.99,USD,InStock,retrospec.com,Bicycle Wheel Parts
14ZSBvN,Strider High Traction Wheel/tire Set,STRYKER,99.99,USD,InStock,mojomotosport.com,Bicycle Wheel Parts
qZoPQG6,Front Wheel Radial Lacing Incl Fittings - Black,Brompton,84,USD,OutOfStock,us.brompton.com,Bicycle Wheel Parts
OSskCgP,Electric Wheel Rim 28h,Brompton,34.99,USD,InStock,us.brompton.com,Bicycle Wheel Rims
mT8Awj3,Dt Swiss Fr-541 Dh Wheel - Rear - 27.5,DT Swiss,499.99,USD,OutOfStock,bikesonline.com,Bicycle Wheel Parts
C0I65qE,"Troxus Explorer 26"" Front Wheel",TROXUS,149.99,USD,InStock,troxusmobility.com,Bicycle Wheel Parts
1oullEp,Rolling Wheels For Yosuda Bike - Yb007a (r) /l-007a (c),FED Fitness,15,USD,OutOfStock,fedfitness.com,Bicycle Wheel Parts
RVbmBwv,Sram Wheel 3zero Moto - Wh-moto-30-b1 - 27.5 Zm2 Rear 32spokes Sram 11/12spd 12x148mm Boost Slate Logo/rs Red Line Graphic (no Tyrewiz) B1,SRAM,1050,USD,InStock,garagecycles.cc,Bicycle Wheel Parts
3DV8vNu,Aventon Complete Rear Wheel,Aventon,218.99,USD,InStock,aventon.com,Bicycle Wheel Parts
en9MzYt,Solix Sl Ar25 Wheelset 700c 12x100/142 Ta Xdr Center Lock,Industry Nine,1265,USD,InStock,garagecycles.cc,Bicycle Wheel Parts
Aiwx92V,29in Hyper Viking Trail Pro - Front Rim Set,"Hyper Bicycles, Inc.",20,USD,InStock,hyperbicycles.com,Bicycle Wheel Rims
lPRamMm,Synthesis Enduro Carbon Rim,Crankbrothers,699.99,USD,OutOfStock,crankbrothers.com,Bicycle Wheel Rims
gQPHnLF,Burley Wheel Kit,Burley,159.99,USD,InStock,target.com,Bicycle Wheel Parts
L8SMTav,"Rant 18"" Party On V2 Rear Cassette Wheel - Rhd - Silver",Rant,79.99,USD,InStock,us.sourcebmx.com,Bicycle Wheel Parts
ICiZnZh,Ruote Townie Electra 1 26”,Eletra,63.99,USD,InStock,electra.trekbikes.com,Bicycle Wheel Rims
gNmF0vH,Box Three Mini Race Wheelset - Red,Box,419.99,USD,OutOfStock,sourcebmx.com,Bicycle Wheel Parts
7s71Pz4,Spank 359 29in 28h Rim,SPANK,114.99,USD,OutOfStock,gritroutdoors.com,Bicycle Wheel Rims
L71oeKn,Rant Party On V2 Front Wheel - Silver,Rant,114.99,USD,OutOfStock,us.sourcebmx.com,Bicycle Wheel Parts
1bpLxeb,Himiway Rear Wheel - No Tire & Tube & Brake Rotor & Freewheel - Zebra;zebra St;d5;d5 St,Himiway,459.99,USD,InStock,himiwaybike.com,Bicycle Wheel Parts
LUUE7c2,29in Hyper Hydrofrom - Rear Rim Set,"Hyper Bicycles, Inc.",20,USD,InStock,hyperbicycles.com,Bicycle Wheel Rims
XNP9iMf,Industry Nine X Spokex Sx30 Carbon Wheelset -29,Spontex,899.99,USD,OutOfStock,bikesonline.com,Bicycle Wheel Parts
O1kbhq8,Aventon Rear Wheel - No Tire & Tube & Brake Rotor & Freewheel - Sinch 2 / Sinch 2.5,Aventon,243.99,USD,InStock,aventon.com,Bicycle Wheel Parts
jUjmWWc,Rant Party On V2 Cassette Rear Wheel - Lhd - Sky Blue,Rant,114.99,USD,OutOfStock,sourcebmx.com,Bicycle Wheel Parts
qcdvKi2,Cinema Zx Rear 333 Cassette Wheel - Rhd - Red,Cinema Club,121.99,USD,OutOfStock,us.sourcebmx.com,Bicycle Wheel Parts
5MjzK3G,Waterproof Led Cycling Rim Lights 6.6ft,Yescom,19.99,USD,OutOfStock,yescomusa.com,Bicycle Rim Strips
zBNUk08,700c Hyper Urban Mtb - Rear Rim Set,"Hyper Bicycles, Inc.",20,USD,OutOfStock,hyperbicycles.com,Bicycle Wheel Rims
fx6Jjyc,Aventon Front Wheel - No Tire & Tube & Brake Rotor - Sinch / Sinch St / Sinch 2,Aventon,83.99,USD,OutOfStock,aventon.com,Bicycle Wheel Parts
8xGo5Vc,Dt Swiss 6902 Bearing,DT Swiss,18.99,USD,InStock,omcgear.com,Bicycle Hub Parts
Z3K0SeV,Halo Vapour35 Mtc Special Edition 29 Wheel,Halo Publishing International,449.99,USD,InStock,garagecycles.cc,Bicycle Wheel Parts
CQCd9Wv,Alpha 40 Ii Disc - Ceramic Bearings/shimano Micro Spline,ICAN,510,USD,InStock,icancycling.com,Bicycle Wheel Parts
hzxUfhd,700 Dyad Rim Disc 32h,Velocity,100,USD,OutOfStock,gearx.com,Bicycle Wheel Rims
OLiKjjU,"Spin Brightz Bicycle Spoke Lights, Multi",BRIGHTER,8.91,USD,OutOfStock,campingworld.com,Bicycle Spokes
x1MRbFz,"Blackbird Send Rim - Send 1/29""",Ibis,99.99,USD,InStock,thundermountainbikes.com,Bicycle Wheel Rims
5YLveaG,Muc-off Wheel Brush | 371,Muc-Off,10.27,USD,OutOfStock,demon-tweeks.com,Bicycle Wheel Parts
PnnZGkh,Jante Bontrager Connection 700c 36h,Bontrager,32.99,USD,OutOfStock,trekbikes.com,Bicycle Wheel Rims
4D6co5V,"Cb7 Decals - Colors - White/flow Cb7 (sold Per Rim)/29""",Stan's NoTubes,5,USD,InStock,stans.com,Bicycle Wheel Parts
fp4nXzf,Bontrager Paradigm Elite 25 À Disque,Bontrager,105,USD,OutOfStock,trekbikes.com,Bicycle Wheel Rims
xRK39g6,Jante Bontrager Connection 26 Po 36h,Bontrager,32.99,USD,OutOfStock,trekbikes.com,Bicycle Wheel Rims
MpL3xxW,Synthesis Enduro Carbon I9 1/1 Front Wheel,Crankbrothers,849.99,USD,OutOfStock,crankbrothers.com,Bicycle Hub Parts
ftmCOHt,Spoke Ss S.p. 2.0/1.7 287 Blk,Stewart Francis Easton,1.19,USD,OutOfStock,eastoncycling.com,Bicycle Spokes
EVBaPSt,Rambo Silent Hub,Rambo Bikes,999.99,USD,InStock,rambobikes.com,Bicycle Hub Parts
cXHKbzk,Electric Bicycle Wheel Rim - Aq177 Pro Max/rear,aniioki,249,USD,InStock,aniioki.com,Bicycle Wheel Rims
WYMpVoG,Spank Spank 350 Rim,SPANK,43.78,USD,OutOfStock,gritroutdoors.com,Bicycle Wheel Rims
jwUOleX,Alex Md35 29˝ Mtb Rim,Alex,58.99,USD,OutOfStock,trekbikes.com,Bicycle Wheel Rims
HOhI6tw,Bicycle Spokes Bike Wheel Spokes Silver Tone Nipple 1 Set 13g 80mm Length 45 Steel Galvanized,TUCKBOLD,11.37,USD,InStock,harfington.com,Bicycle Spokes
mzM5GuN,Judd Rev Rear Wheel - 1 - Black,Retrospec,249.99,USD,OutOfStock,retrospec.com,Bicycle Wheel Parts
k6KvZ7A,Sram 900 Convertible Front Disc Hub,SRAM,100,USD,OutOfStock,ascentoutdoors.com,Bicycle Wheel Parts
WmE2q7A,Unique Bargains Bicycle Steel Spokes 36 Pcs,Unique Bargains,15.99,USD,InStock,target.com,Bicycle Spokes
f9ah64p,Spank 359 32h 27.5in Rim,SPANK,114.99,USD,OutOfStock,gritroutdoors.com,Bicycle Wheel Rims
97ZGwrd,Aero 50 Disc Us - Shimano 10/11 Speed,ICAN,770,USD,InStock,icancycling.com,Bicycle Wheel Parts
g4TJ0Eg,Hunt 44 Carbon Aerodynamicist Disc Rim | Front,Matt Hunt,449,USD,InStock,huntbikewheels.com,Bicycle Wheel Rims
rFl0e4u,Kom Tough I30 Rim,WTB,131.99,USD,InStock,mikesbikes.com,Bicycle Wheel Rims
q26Mfhm,Front Wheel With Inner Tube And Outer Tire For Veefa X2 & M2 City Series Electric Bike,Veefa,119,USD,InStock,veefabike.com,Bicycle Wheel Parts
8ERhVaX,Hunt 30 Carbon Disc H2 Rim | Rear,Matt Hunt,479,USD,OutOfStock,us.huntbikewheels.com,Bicycle Wheel Rims
2tsKfLK,"Marin Alloy Rim 29""",Romarin,4.99,USD,InStock,bikesonline.com,Bicycle Wheel Rims
TuxKV3K,"Hydra2 Dh Rear Wheel - 27.5"" / Superboost (12 X 157mm)/sram Xd",Industry Nine,850,USD,InStock,thundermountainbikes.com,Bicycle Wheel Parts
axqcXkv,"Hydra2 Trail Rear Wheel - Green / Black/29"" / Boost (12 X 148mm)/sram Xd",Industry Nine,935,USD,OutOfStock,thundermountainbikes.com,Bicycle Wheel Parts
D6PbqqO,"Grade 300 V2 Hydra Rear Wheel - 27.5""/boost (12 X 148mm)/sram Xd",Industry Nine,449.99,USD,OutOfStock,thundermountainbikes.com,Bicycle Wheel Parts
gwCcWGq,"Flow S2 Front Wheel - 15x100 Ta/29""",Stan's NoTubes,260,USD,InStock,stans.com,Bicycle Wheel Parts
Obdh4a9,"Cb7 Decals - Colors - Blue/arch Cb7 (sold Per Rim)/27.5""",Stan's NoTubes,15,USD,OutOfStock,stans.com,Bicycle Wheel Parts
RjL2Llp,"Hydra2 Enduro S Rear Wheel - Black/27.5"" / Superboost (12 X 157mm)/sram Xd",Industry Nine,635,USD,OutOfStock,thundermountainbikes.com,Bicycle Wheel Parts
75mrCIF,"Hydra2 Enduro S Rear Wheel - Turquoise/29"" / Boost (12 X 148mm)/shimano Hg",Industry Nine,675,USD,InStock,thundermountainbikes.com,Bicycle Wheel Parts
7lXRABh,"Rant Squad 18"" Rim - Black",Rant,29.99,USD,InStock,us.sourcebmx.com,Bicycle Wheel Rims
C0ivYNe,"Hydra2 Dh S Rear Wheel - Gold/29"" / Boost (12 X 148mm)/sram Xd",Industry Nine,675,USD,OutOfStock,thundermountainbikes.com,Bicycle Wheel Parts
E9Qk7bq,"Hydra2 Enduro S Front Wheel - Orange/29"" / Boost (15 X 110mm)",Industry Nine,585,USD,InStock,thundermountainbikes.com,Bicycle Wheel Parts
ezVxzjg,"Hydra2 Enduro Rear Wheel - Black / Black/29"" / Boost (12 X 148mm)/shimano Hg",Industry Nine,850,USD,InStock,thundermountainbikes.com,Bicycle Wheel Parts
IvyrKsz,Hydra2 Trail Front Wheel - Purple / Black,Industry Nine,710,USD,OutOfStock,thundermountainbikes.com,Bicycle Wheel Parts
almmiWL,"Flow Cb7 Front Wheel - 27.5""/centerlock",Stan's NoTubes,833,USD,InStock,stans.com,Bicycle Wheel Parts
VpyK1mY,Box One Rear Race Rim - Red,Box,59.99,USD,InStock,us.sourcebmx.com,Bicycle Wheel Rims
zCTvAW4,United Supreme Rear Cassette Wheel,SP Games,134.99,USD,InStock,sourcebmx.com,Bicycle Hub Parts
JKd7Ofw,Shadow Truss Rim - Raw Polish,The Shadow Conspiracy,91.99,USD,OutOfStock,us.sourcebmx.com,Bicycle Wheel Rims
0tiQFpY,Vivi Electric Bike Rear Wheels - Spa Series (2021-2023 Models)/plenty-500w 48v-without Cruise/m026tgbul,Viva Corporation,339.99,USD,InStock,viviebikes.com,Bicycle Wheel Parts
mI9ZltF,"Rant 18"" Party On V2 Rear Cassette Wheel - Lhd - Red",Rant,79.99,USD,InStock,us.sourcebmx.com,Bicycle Wheel Parts
SPFKs2T,Shadow Truss Rim - Raw Polish,The Shadow Conspiracy,67.49,USD,OutOfStock,sourcebmx.com,Bicycle Wheel Rims
MDPLNVF,"Hydra2 Enduro Rear Wheel - Black / Black/29"" / Superboost (12 X 157mm)/sram Xd",Industry Nine,850,USD,InStock,thundermountainbikes.com,Bicycle Wheel Parts
MIMc5Lr,"Crest S2 Rear Wheel - 27.5""/12x148 Ta | Shimano Micro Spline",Stan's NoTubes,415,USD,InStock,stans.com,Bicycle Wheel Parts
FrTzD9g,"Hydra2 Enduro S Rear Wheel - Red/29"" / Boost (12 X 148mm)/sram Xd",Industry Nine,675,USD,InStock,thundermountainbikes.com,Bicycle Wheel Parts
bz3hvs2,Rant Squad Rim - Black,Rant,29.99,USD,OutOfStock,sourcebmx.com,Bicycle Wheel Rims
nYVtU1n,Vivi Bike 20 Inch Wheel Rim Steel Rims - Rear Wheel Rim (with Spokes) Spa Series Mt20,Viva Corporation,99.99,USD,InStock,viviebikes.com,Bicycle Wheel Rims
uviW0cq,Vivi Electric Bike Rear Wheels - Spa Series (2021-2023 Models)/plenty-500w 48v-without Cruise/c26ul,Viva Corporation,339.99,USD,InStock,viviebikes.com,Bicycle Wheel Parts
UVWQh4K,Vivi Electric Bike Front Wheels - C26ul/amak Series (2024 And Later Models),Viva Corporation,139.99,USD,OutOfStock,viviebikes.com,Bicycle Wheel Parts
PyTsdRO,"Rant Squad 18"" Rim - Silver",Rant,37.99,USD,InStock,us.sourcebmx.com,Bicycle Wheel Rims
raJWQh4,Stans Notubes - Flow Mk3 27.5+ Disc,Stan's NoTubes,100,USD,OutOfStock,gearx.com,Bicycle Wheel Rims
712ndDn,Onyx Racing Fat Bike Is Disc Hubs,Onyx,240,USD,OutOfStock,garagecycles.cc,Bicycle Hubs
EcKPvEG,Box One Front Race Rim - Red,Box,59.99,USD,OutOfStock,sourcebmx.com,Bicycle Wheel Rims
2tWP3Uj,"Flow Cb7 Rear Wheel - 27.5"" | 12x157 Ta | Shimano Hg/6-bolt",Stan's NoTubes,1154,USD,OutOfStock,stans.com,Bicycle Wheel Parts
H3hqLFV,"Hydra2 Dh S Rear Wheel - Lime/29"" / Boost (12 X 148mm)/sram Xd",Industry Nine,675,USD,OutOfStock,thundermountainbikes.com,Bicycle Wheel Parts
iH129Ni,Cinema Zx Rear 333 Cassette Wheel - Rhd - Black,Cinema Club,141.99,USD,InStock,us.sourcebmx.com,Bicycle Wheel Parts
F3s92ZC,Vivi Bike 26 Inch Fat Tire Rear Wheel Set - Ace01/500w 48v (with Cruise 1 Magnetic Steel)/with Motor Core,Viva Corporation,349.99,USD,OutOfStock,viviebikes.com,Bicycle Wheel Parts
LxgClKm,"Hydra2 Dh Wheelset - 29"" / Boost (15 X 110/12 X 148mm)/shimano Hg",Industry Nine,1465,USD,InStock,thundermountainbikes.com,Bicycle Wheel Parts
Y0K5L40,"Dt Xm481 / I9 Hydra 29"" Wheels",DT Swiss,565,USD,OutOfStock,garagecycles.cc,Bicycle Wheel Parts
mch5JhD,Bontrager Connection 700c 32 Hole Disc Rim,Bontrager,32.99,USD,OutOfStock,trekbikes.com,Bicycle Wheel Rims
9B4rHqs,"Line Comp 30 Rear Wheel - 29""/shimano Hg",Bontrager,246.99,USD,InStock,thundermountainbikes.com,Bicycle Wheel Parts
tYHi1Ab,"Crest Mk4 Front Wheel - 29""/15x110 Ta/centerlock",Stan's NoTubes,257,USD,InStock,stans.com,Bicycle Wheel Parts
OShbuuq,Kovee Comp 25 Rear Wheel - Shimano Hg,Bontrager,244.99,USD,InStock,thundermountainbikes.com,Bicycle Wheel Parts
7hxpk3G,Vivi Bike 20 Inch Wheel Rim Steel Rims - Front Wheel Rim (with Spokes)/spa Series/mt20,Viva Corporation,99.99,USD,OutOfStock,viviebikes.com,Bicycle Wheel Rims
pENam1M,Vivi Electric Bike Front Wheels - F26ful/amak Series (2024 And Later Models),Viva Corporation,169.99,USD,InStock,viviebikes.com,Bicycle Wheel Parts
49Vre12,Shadow Truss Rim - Crimson Rain,The Shadow Conspiracy,44.99,USD,InStock,sourcebmx.com,Bicycle Wheel Rims
UYzpLHc,Vivi Electric Bike Front Wheels - F26ful/spa Series (2021-2023 Models),Viva Corporation,169.99,USD,InStock,viviebikes.com,Bicycle Wheel Parts
rZfsuaH,Box One Rear Race Rim - Red / 36h,Box,59.99,USD,OutOfStock,sourcebmx.com,Bicycle Wheel Rims
4ha5UX9,"Box One Focus Rear Rim 24"" X 1.75"" Rim",Box,59.99,USD,InStock,sourcebmx.com,Bicycle Wheel Rims
Y8acF1u,Primo Balance/vsxl+ Freecoaster Wheel - Rhd,Primo Pads,289.99,USD,OutOfStock,sourcebmx.com,Bicycle Wheel Parts
idpb9Vn,Vivi Bike 20 Inch Wheel Rim Steel Rims - Rear Wheel Rim (with Spokes)/spa Series/fm20,Viva Corporation,99.99,USD,InStock,viviebikes.com,Bicycle Wheel Rims
NQRYE21,Box One Rear Race Rim - Gold,Box,59.99,USD,OutOfStock,sourcebmx.com,Bicycle Wheel Rims
fdJOI8r,1/1 Trail Rear Wheel - Superboost (12 X 157mm)/sram Xd,Industry Nine,460,USD,OutOfStock,thundermountainbikes.com,Bicycle Wheel Parts
6vzPNbJ,"Enduro S Hydra Classic Wheelset - Black/29"" / Boost (15 X 110/12 X 148mm)/sram Xd",Industry Nine,950,USD,OutOfStock,thundermountainbikes.com,Bicycle Wheel Parts
SjICiTE,Cult Crew V2 Front Wheel,Cult Kits,169.99,USD,OutOfStock,us.sourcebmx.com,Bicycle Hub Parts
KlmGO9y,"Crest S2 Front Wheel - 29""/15x100 Ta",Stan's NoTubes,260,USD,InStock,stans.com,Bicycle Wheel Parts
uGv5bxQ,Box One Rear Race Rim - Blue,Box,59.99,USD,InStock,us.sourcebmx.com,Bicycle Wheel Rims
lnHoDsS,"Rant 18"" Moonwalker Ii Rear Freecoaster Wheel - Lhd",Rant,99.99,USD,InStock,us.sourcebmx.com,Bicycle Wheel Parts
XrNgbho,Sram Wheel - Am 1zero Hitop S - Wh-1zro-hts-a1,SRAM,750,USD,InStock,garagecycles.cc,Bicycle Wheel Parts
K9qvGnc,Bontrager Aeolus Pro 49v 700c Tlr Disc Road Rim,Bontrager,815.99,USD,OutOfStock,trekbikes.com,Bicycle Wheel Rims
bOp6BmR,Dt Swiss Gr 531 Disc 700c Rim,DT Swiss,157.9,USD,InStock,garagecycles.cc,Bicycle Wheel Rims
fwSg9Rt,"Halo T2 26"" Rim",Halo Publishing International,48.95,USD,InStock,garagecycles.cc,Bicycle Wheel Rims
TIqjYv7,Dt Swiss 350 6-bolt Rear Hub,DT Swiss,339.85,USD,OutOfStock,thundermountainbikes.com,Bicycle Hubs
kyiuRPj,Vivi Electric Bike Rear Wheels - Spa Series (2021-2023 Models)/500w 48v-with Cruise 1 Magnetic Steel/m026shul,Viva Corporation,339.99,USD,InStock,viviebikes.com,Bicycle Wheel Parts
G7Fb6oH,20 Inch Rim - 32 Hole,Brompton,40,USD,InStock,us.brompton.com,Bicycle Wheel Rims
Gj2C8c7,Hydra Rear Disc Hub,Industry Nine,459.99,USD,InStock,mikesbikes.com,Bicycle Hubs
6J5kVZP,Bontrager Connection 29˝ Mtb Rim,Bontrager,32.99,USD,OutOfStock,trekbikes.com,Bicycle Wheel Rims
Bo6yehe,Box One Rear Race Rim - Blue,Box,59.99,USD,OutOfStock,sourcebmx.com,Bicycle Wheel Rims
tLix4E0,Blackbird Send Rim,Ibis,99.99,USD,OutOfStock,thundermountainbikes.com,Bicycle Wheel Rims
g9YAEaL,"Enduro 300 Hydra Rear Wheel - 27.5""/boost (12 X 148mm)/shimano Hg",Industry Nine,599.99,USD,OutOfStock,thundermountainbikes.com,Bicycle Wheel Parts
2mIZBJ8,Box One Front Race Rim - Blue,Box,59.99,USD,OutOfStock,us.sourcebmx.com,Bicycle Wheel Rims
GnP4MCI,"Enduro 300 Hydra Rear Wheel - 29""/boost (12 X 148mm)/sram Xd",Industry Nine,499.99,USD,InStock,thundermountainbikes.com,Bicycle Wheel Parts
c9m1b47,"Hydra2 Dh S Wheelset - Silver/shimano Micro Spline/29"" / Boost (15 X 110/12 X 148mm)",Industry Nine,1120,USD,OutOfStock,thundermountainbikes.com,Bicycle Wheel Parts
Qk6cnIR,Hydra2 Enduro Wheelset - 20th Anniversary - Sram Xd,Industry Nine,1740,USD,InStock,thundermountainbikes.com,Bicycle Wheel Parts
pQe0ChN,Box One Rear Race Rim - Gold,Box,59.99,USD,OutOfStock,us.sourcebmx.com,Bicycle Wheel Rims
0nVpKbP,Vivi Bike 26 Inch Wheel Rim Steel Rims - Rear Wheel Rim (with Spokes),Viva Corporation,99.99,USD,OutOfStock,viviebikes.com,Bicycle Wheel Rims
IaTetBG,Vivi Bike 27.5 Inch Wheel Rim Steel Rims - Front Wheel Rim (with Spokes),Viva Corporation,189.99,USD,OutOfStock,viviebikes.com,Bicycle Wheel Rims
dFOtiKe,Rant Squad Rim,Rant,31.99,USD,OutOfStock,us.sourcebmx.com,Bicycle Wheel Rims
cNxraSm,"Hydra2 Enduro Wheelset - Gold / Gold/29"" / Boost (15 X 110/12 X 148mm)/shimano Micro Spline",Industry Nine,1540,USD,InStock,thundermountainbikes.com,Bicycle Wheel Parts
qm9F1HG,Box One Rear Race Rim - Silver,Box,59.99,USD,InStock,us.sourcebmx.com,Bicycle Wheel Rims
OgrQzLZ,Brompton Rim Etrto 349 Double-wall 28h - Angle-drilled Silver,Brompton,29,USD,InStock,us.brompton.com,Bicycle Wheel Rims
4de0WSQ,Dt Swiss G 540 Disc 700c Rim,DT Swiss,74.9,USD,InStock,garagecycles.cc,Bicycle Wheel Rims
AdJL08J,Vivi Bike 26 Inch Wheel Rim Steel Rims - Front Wheel Rim (with Spokes),Viva Corporation,89.99,USD,OutOfStock,viviebikes.com,Bicycle Wheel Rims
xBpcNjK,27.5in Hyper Viking Trail Pro- Front Rim Set,"Hyper Bicycles, Inc.",20,USD,InStock,hyperbicycles.com,Bicycle Wheel Rims
20BP0mb,Vivi Bike 27.5 Inch Wheel Rim Steel Rims - Rear Wheel Rim (with Spokes),Viva Corporation,199.99,USD,OutOfStock,viviebikes.com,Bicycle Wheel Rims
JjG8j5a,Shadow Truss Rim - Crimson Rain,The Shadow Conspiracy,94.99,USD,OutOfStock,us.sourcebmx.com,Bicycle Wheel Rims
RwQIGOu,Box One Rear Race Rim - Silver / 28h,Box,59.99,USD,OutOfStock,sourcebmx.com,Bicycle Wheel Rims
x5PNhTP,Brompton Superlight Rim 20 Hole,Brompton,50,USD,OutOfStock,us.brompton.com,Bicycle Wheel Rims
BMdGiUl,Box One Front Race Rim - Red,Box,59.99,USD,InStock,us.sourcebmx.com,Bicycle Wheel Rims
9Ibry82,700c 36v E-ride City (black) - Rear Rim Set Complete,"Hyper Bicycles, Inc.",50,USD,InStock,hyperbicycles.com,Bicycle Wheel Rims
BhBcI08,"Blackbird Send 1 29"" Rim",Garage Cycles,99.99,USD,InStock,garagecycles.cc,Bicycle Wheel Rims
qVP4LLd,700c Hyper Alloy Road Bike - Rear Rim Set,"Hyper Bicycles, Inc.",20,USD,OutOfStock,hyperbicycles.com,Bicycle Wheel Rims
yL2OWIr,Vivi Bike 20 Inch Wheel Rim Steel Rims - Front Wheel Rim (with Spokes)/spa Series/fm20,Viva Corporation,99.99,USD,OutOfStock,viviebikes.com,Bicycle Wheel Rims
3bE0JSK,700c Hyper Alloy Road Bike - Front Rim Set,"Hyper Bicycles, Inc.",20,USD,OutOfStock,hyperbicycles.com,Bicycle Wheel Rims
mFlljRh,Box One Front Race Rim - Silver,Box,59.99,USD,InStock,us.sourcebmx.com,Bicycle Wheel Rims
9mORABZ,Shadow Truss Rim - Skeletor Purple,The Shadow Conspiracy,74.99,USD,OutOfStock,us.sourcebmx.com,Bicycle Wheel Rims
1GRarjL,Shadow Truss Rim - Black,SUBROS,74.99,USD,InStock,us.sourcebmx.com,Bicycle Wheel Rims
Ots6Jdb,Hydra2 Enduro S Wheelset,Industry Nine,1120,USD,OutOfStock,thundermountainbikes.com,Bicycle Wheel Parts
Kb59l2p,Box One Rear Race Rim - Black,Box,59.99,USD,OutOfStock,sourcebmx.com,Bicycle Wheel Rims
VHySfBy,Vivi Bike 26 Inch Wheel Rim Steel Rims - Front Rear Wheel Rims (without Spokes),Viva Corporation,159.99,USD,OutOfStock,viviebikes.com,Bicycle Wheel Rims
zlwrQCM,29in Hyper Hydrofrom - Front Rim Set,"Hyper Bicycles, Inc.",20,USD,InStock,hyperbicycles.com,Bicycle Wheel Rims
mNNYfcm,Cb7 Decals - Colors - Yellow/grail Cb7 (sold Per Rim)/700c,Stan's NoTubes,5,USD,InStock,stans.com,Bicycle Wheel Parts
TzxGfkW,"Dt Swiss Revolution Spoke - 2.0/1.5/2.0mm, 276mm, J-bend, Black, Each",DT Swiss,1.5,USD,OutOfStock,ascentoutdoors.com,Bicycle Spokes
ZdUfAXk,Bontrager Mustang Pro 29˝ Tlr Clincher Mtb Rim,Bontrager,75.99,USD,OutOfStock,trekbikes.com,Bicycle Wheel Rims
lnapkDF,Cinema Zx Rear 333 Cassette Wheel - Rhd - Sale - Blue,Cinema Club,104.99,USD,OutOfStock,us.sourcebmx.com,Bicycle Wheel Parts
Apm2fkt,Odyssey Hazard Lite Antigram V2 Cassette Wheel,Odyssey,294.99,USD,OutOfStock,us.sourcebmx.com,Bicycle Wheel Parts
6QOFRBe,"Flow Ex3 Decals - Red/27.5""",Stan's NoTubes,10,USD,InStock,stans.com,Bicycle Wheel Parts
QyEqvzB,29in Hyper Viking Trail Hardtail- Front Rim Set,"Hyper Bicycles, Inc.",20,USD,InStock,hyperbicycles.com,Bicycle Wheel Rims
kBajHma,Bontrager Paradigm Elite Disc Rim,Bontrager,117.99,USD,OutOfStock,trekbikes.com,Bicycle Wheel Rims
AfBqqb8,Shadow Truss Rim - Skeletor Purple,The Shadow Conspiracy,44.99,USD,InStock,sourcebmx.com,Bicycle Wheel Rims
M4nxWYC,Primo Vs 7005 Rim - Black,Primo Pads,91.95,USD,OutOfStock,us.sourcebmx.com,Bicycle Wheel Rims
0KU5sPF,350 6-bolt Rear Hub - 12 X 150mm / 32h/shimano Hg,DT Swiss,311.6,USD,InStock,thundermountainbikes.com,Bicycle Hubs
3RdqW9y,27.5in Hyper Bear Mountain - Rear Rim Set,"Hyper Bicycles, Inc.",20,USD,OutOfStock,hyperbicycles.com,Bicycle Wheel Rims
Tl9Lbu6,26in Hyper Havoc - Front Rim Set,"Hyper Bicycles, Inc.",20,USD,InStock,hyperbicycles.com,Bicycle Wheel Rims
dTmWpAa,Hed Belgium R Msw 700c Rim,HED,175,USD,OutOfStock,garagecycles.cc,Bicycle Wheel Rims
J6UXCxd,Box One Front Race Rim - Silver,Box,59.99,USD,OutOfStock,sourcebmx.com,Bicycle Wheel Rims
tsrMtdU,Onyx Bmx Pro Hg / Stay Strong Reactiv 1-1/8 Custom Race Wheelset,Onyx,599.99,USD,OutOfStock,sourcebmx.com,Bicycle Wheel Parts
HlXqmG9,"Flow Ex3 Rear Wheel - 27.5""/12x142 Ta | Sram Xdr",Stan's NoTubes,505,USD,OutOfStock,stans.com,Bicycle Wheel Parts
4xhbCuO,700c Hyper Spinfit Womens- Rear Rim Set,"Hyper Bicycles, Inc.",5,USD,OutOfStock,hyperbicycles.com,Bicycle Wheel Rims
TKeFL63,Vivi Bike 20 Inch Wheel Rim Fat Tire Rims,Viva Corporation,159.99,USD,OutOfStock,viviebikes.com,Bicycle Wheel Rims
16ihDAf,700c Hyper Spinfit Mens - Front Rim Set,"Hyper Bicycles, Inc.",20,USD,OutOfStock,hyperbicycles.com,Bicycle Wheel Rims
L62XNbc,29inch Explorer Full Suspension - Front Rim Set,"Hyper Bicycles, Inc.",20,USD,InStock,hyperbicycles.com,Bicycle Wheel Rims
GvwYYx3,Vivi Bike 26 Inch Bike Spokes With Nipples - Rear Wheel Spokes,Viva Corporation,29.99,USD,OutOfStock,viviebikes.com,Bicycle Spokes
ddWQ9GO,Electric Bicycle Wheel Rim - A8 Pro Max/rear,aniioki,249,USD,InStock,aniioki.com,Bicycle Wheel Rims
F949I9O,Bontrager Race 700c Tlr Clincher Road Rim,Bontrager,81.99,USD,InStock,trekbikes.com,Bicycle Wheel Rims
T3Nm3ws,Box One Front Race Rim - Black,Box,59.99,USD,OutOfStock,sourcebmx.com,Bicycle Wheel Rims
NuDYxdS,Rant Squad Rim - Sky Blue,Rant,29.99,USD,OutOfStock,sourcebmx.com,Bicycle Wheel Rims
7AlaYtw,Fly Lunar Lite Rim - Polished,Chelsea Fly,79.99,USD,OutOfStock,sourcebmx.com,Bicycle Wheel Rims
YqVxuUA,240 Exp Rear Hub (12x148mm),DT Swiss,518.99,USD,InStock,mikesbikes.com,Bicycle Hubs
RO2Zl2H,Enduro S 28h Rim,Industry Nine,125,USD,InStock,thundermountainbikes.com,Bicycle Wheel Rims
YXbYvkp,"Dt Swiss H 552 29"" Rim",DT Swiss,132.74,USD,InStock,garagecycles.cc,Bicycle Wheel Rims
UXg3ezK,Box One Rear Race Rim,Box,59.99,USD,OutOfStock,us.sourcebmx.com,Bicycle Wheel Rims
Sokyg3p,Rim 349 2 Wall 28h Angle Black,Brompton,39,USD,InStock,us.brompton.com,Bicycle Wheel Rims
gCg8uUO,"Dt Swiss Fr 560 26\"" Rim",DT Swiss,174.9,USD,InStock,garagecycles.cc,Bicycle Wheel Rims
oO8lwGl,20in Hyper Bear Mountain - Front Rim Set,"Hyper Bicycles, Inc.",10,USD,InStock,hyperbicycles.com,Bicycle Wheel Rims
LI3UJmB,Cinema Zx Front 333 Wheel - Sale - Gold,Cinema Club,74.99,USD,OutOfStock,us.sourcebmx.com,Bicycle Wheel Parts
WM6FUlC,350 6-bolt Rear Hub - 12 X 148mm / 32h/shimano Hg,DT Swiss,311.6,USD,InStock,thundermountainbikes.com,Bicycle Hubs
EXLDUgj,Cinema 444 Rim - Red,Cinema Club,39.99,USD,InStock,us.sourcebmx.com,Bicycle Wheel Rims
YBXYZXs,Box One Front Race Rim,Box,59.99,USD,InStock,us.sourcebmx.com,Bicycle Wheel Rims
Jt4LcpB,Blackbird Send Rim,Ibis,99.99,USD,InStock,thundermountainbikes.com,Bicycle Wheel Rims
f0dwfq0,Dt Swiss Gr 531 Disc 650b Rim,DT Swiss,157.9,USD,InStock,garagecycles.cc,Bicycle Wheel Rims
hGOas7j,"Stay Strong Reactiv 2 20"", 28h Race Rim (1-1/8"") - Front/ Black",Strong Hold,69.99,USD,InStock,sourcebmx.com,Bicycle Wheel Rims
NkptmCV,Fly Piramide Rim - Flat Red,Chelsea Fly,39.95,USD,OutOfStock,us.sourcebmx.com,Bicycle Wheel Rims
SZYLtbp,16in Hyper Motobike - Front Rim Set,"Hyper Bicycles, Inc.",10,USD,InStock,hyperbicycles.com,Bicycle Wheel Rims
suxbYBf,Primo Vs 7005 Rim - Black,Primo Pads,91.95,USD,OutOfStock,us.sourcebmx.com,Bicycle Wheel Rims
S0dUcXu,Blackbird Send Rim,Ibis,99.99,USD,OutOfStock,thundermountainbikes.com,Bicycle Wheel Rims
oho3A1L,Bontrager Paradigm Tlr Disc 700c Road Rim,Bontrager,46.99,USD,OutOfStock,trekbikes.com,Bicycle Wheel Rims
r7eQnJr,Enduro S Hydra Classic Wheelset,Industry Nine,699.99,USD,OutOfStock,thundermountainbikes.com,Bicycle Wheel Parts
jpFGYu4,"Flow Ex3 Decals - Orange/29""",Stan's NoTubes,10,USD,InStock,stans.com,Bicycle Wheel Parts
FX7n8ol,"Colourlab Roller Wheel Pair - A, C, P, T Line",Brompton,70,USD,InStock,us.brompton.com,Bicycle Wheel Parts
roVEyIX,Vivi Bike 26 Inch Fat Tire Bike Spokes With Nipples - Rear Wheel Spokes,Viva Corporation,34.99,USD,OutOfStock,viviebikes.com,Bicycle Spokes
nAL9nOS,Box One Front Race Rim - Black,Box,59.99,USD,InStock,us.sourcebmx.com,Bicycle Wheel Rims
JxInFGj,Electric Bicycle Wheel Rim - A9 Pro Max/front,aniioki,369,USD,InStock,aniioki.com,Bicycle Wheel Rims
J9qrH80,Rant Squad Rim - Black,Rant,29.99,USD,InStock,us.sourcebmx.com,Bicycle Wheel Rims
MjI1YJv,Electra Townie Go! 27.5˝ Rim,Eletra,31.99,USD,OutOfStock,trekbikes.com,Bicycle Wheel Rims
SerJe1j,Mankind Vision Rim - Black,Menkind,34.99,USD,InStock,sourcebmx.com,Bicycle Wheel Rims
LKKL2kk,"Jet Bmx 16"" Front Wheel",Jet BMX,39.99,USD,InStock,sourcebmx.com,Bicycle Wheel Rims
vAykX1y,"Blackbird Send 1 27.5\"" Rim",Blackbird Letterpress,99.99,USD,InStock,garagecycles.cc,Bicycle Wheel Rims
neYhUMq,350 6-bolt Rear Hub - 12 X 148mm / 28h/shimano Hg,DT Swiss,311.6,USD,InStock,thundermountainbikes.com,Bicycle Hubs
NqJtmlA,26in Hyper Havoc - Rear Rim Set,"Hyper Bicycles, Inc.",20,USD,InStock,hyperbicycles.com,Bicycle Wheel Rims
3IpfjGE,700c 36v E-ride City (blue) - Rear Rim Set Complete,"Hyper Bicycles, Inc.",30,USD,InStock,hyperbicycles.com,Bicycle Wheel Rims
0Hrtd8w,Spank 350 Rim - 29 Disc Black/red 32h,SPANK,114.99,USD,OutOfStock,gearx.com,Bicycle Wheel Rims
yfHVAwF,Dt Swiss 350 Fat Bike Classic Flange Is Disc Hubs,DT Swiss,141.11,USD,OutOfStock,garagecycles.cc,Bicycle Hubs
dpStCBU,Alpha 38/52 Disc Pro Us Wheelset,ICAN,580,USD,InStock,icancycling.com,Bicycle Wheel Parts
ZcOzLrC,Fly Lunar Lite Rim - Flat Black,Chelsea Fly,79.99,USD,OutOfStock,sourcebmx.com,Bicycle Wheel Rims
zojrDps,Stay Strong Race Dvsn Carbon Expert Race Rim - Rear,Strong Hold,299.99,USD,OutOfStock,sourcebmx.com,Bicycle Wheel Rims
lnew4PU,"1/1 Enduro Wheelset - 29""/superboost (15 X 110/12 X 157mm)/shimano Micro Spline",Industry Nine,765,USD,InStock,thundermountainbikes.com,Bicycle Wheel Parts
Z0VErJD,Odyssey Stage-2 Rim,Odyssey,36.26,USD,OutOfStock,us.sourcebmx.com,Bicycle Wheel Rims
kTtbB59,Bontrager Paradigm Pro 30 Rim,Bontrager,439.99,USD,OutOfStock,trekbikes.com,Bicycle Wheel Rims
Dgf2Qmb,Stay Strong Race Dvsn Carbon Cruiser Race Rim - Rear,Strong Hold,299.99,USD,OutOfStock,sourcebmx.com,Bicycle Wheel Rims
JHFS2kV,Cinema 444 Rim - Gold,Cinema Club,39.99,USD,OutOfStock,sourcebmx.com,Bicycle Wheel Rims
XXkUfsy,Profile Mini Male Cassette / Alienation Black Sheep Custom Rear Wheel - Rhd,Profile by Gottex,261.99,USD,OutOfStock,us.sourcebmx.com,Bicycle Wheel Parts
Ody7z4O,26in Hyper Shocker - Rear Rim Set,"Hyper Bicycles, Inc.",20,USD,InStock,hyperbicycles.com,Bicycle Wheel Rims